UID,username
0,mTa8541
1,chilOn43
2,Elechano705
3,yuIa4
4,tRu3
5,lledAs219
6,Ea05505
7,Agua323
8,L66
9,terY1
10,iErn8677
11,U35
12,linLing48
13,Charlie00
14,eI93961
15,Abanilla5750
16,viIella92487
17,pejNaute54
18,Milkova14030
19,saEr76111
20,Aida7952
21,Iedler31
22,larumElarumbe90029
23,guaO4918
24,llSa9
25,Evodia56313
26,viRvior39457
27,cAimaa812
28,sanHez5
29,roiU39
30,poTpont269
31,naharO488
32,parkerpetR47
33,sadO49
34,mRtiã‘o244
35,briDusa9
36,moAmoza0
37,Inesa58
38,Eray15
39,lA067
40,mJid897
41,Lidia849
42,alagN5
43,nUma8245
44,fortuAto02
45,Asermeiro64870
46,surOl9296
47,Elia9236
48,Esta1
49,Compan02
50,Ierrok474
51,Aka52687
52,madeRa3091
53,Armita493
54,Bo4
55,mIol5925
56,Azpeleta041
57,tRrado23
58,Valades1
59,caPe3
60,oyaAoyana304
61,artaEjo0269
62,xaEl21
63,Albir55250
64,Etra334
65,atilNo7
66,Frean33625
67,Celina29584
68,Cathy28
69,bGan966
70,Uo528
71,rQuel138
72,Asan73
73,alfrDalfred009
74,eloNa21491
75,arAbali2
76,Anozo8
77,cayN67
78,youssUyoussou713
79,Alvir400
80,darEr639
81,Bdelah073
82,mCho75620
83,Inar30651
84,gRt5
85,Oresta51704
86,Turid83727
87,matRredona3266
88,Rachid4
89,chaudhYchaudhry9301
90,Xiaozhen2989
91,recaHa0
92,fiK5
93,agIlo57067
94,nZa58054
95,nGues3708
96,sCas2
97,Mojo74743
98,gazElumendi007
99,Aili41
